Workbook

Sheet Calculator
A1: Калькулятор стоимости: Vercel vs Heroku vs Yandex Cloud (и наш PaaS поверх YC)
A2: Легенда: | B2: Жёлтые ячейки = ввод пользователя | C2: Серые ячейки = рассчитывается автоматически
A3: Входные параметры проекта (минимум) | C3: Комментарии/Примеры | D3: Принятые допущения (для расчёта Vercel usage) | F3: Комментарии/Примеры | I3: Комментарии/Примеры
A4: CPU (vCPU) | B4: 1 | C4: Суммарные vCPU для приложения (без БД). Примеры: Небольшой сервис/стартап - 2 vCPU; Растущий - 4/8 vCPU | D4: Часы в месяце | E4: 720 | F4: Для почасового биллинга YC и оценки потребления. | G4: Vercel plan (auto) | H4: =IF(AND($B$10<=1,$B$7<=200000,$B$8<=50,$B$4<=1,$B$5<=1),"Free","Pro") -> Pro | I4: Упрощённо: маленькие проекты - Free, в остальных случаях Pro Enterprise не выбираем автоматически.
A5: RAM (GB) | B5: 1 | C5: Суммарная RAM для приложения. Пример: среднее значение для web+API - 4 ГБ | D5: Доля динамики (SSR/API) | E5: 0.35 | F5: Статичные сайты - 0,2 , С распределенным (тяжелым) API- 0,4/0,8 | G5: Heroku dyno plan (auto) | H5: =IF($B$5<=0.5,"Standard-1X",IF($B$5<=1,"Standard-2X",IF($B$5<=2.5,"Performance-M","Performance-L"))) -> Standard-2X | I5: Выбираем минимальный dyno план по RAM приложения (упрощение)
A6: SSD (GB) | B6: 10 | C6: Объём SSD (для БД/данных). Если БД отдельная - вводи общий объём данных с запасом (обычно x2) | D6: Доля edge-запросов | E6: 0.1 | F6: Если активно используете middleware/edge - 0/0,2 | G6: Heroku dyno count (auto) | H6: =MAX(1,ROUNDUP($B$4/2,0)) -> 1 | I6: Допущение: 1 dyno -(прмиерно) 2 vCPU Dyno count = ceil(CPU/2).
A7: Запросов / месяц | B7: 1000000 | C7: Сколько запросов в месяц (API+SSR). Если не знаешь, как ориентир для усредненного сервиса - 1 000 000 | D7: CPU ms на 1 динамич. запрос | E7: 35 | F7: Лёгкие SSR - 10/30мс Тяжёлые API/SSR = 30/80мс | G7: Heroku Postgres plan (auto) | H7: =IF($B$6<=10,"Essential-1",IF($B$6<=32,"Essential-2","Standard-0")) -> Essential-1 | I7: Допущение: до 10ГБ Essential-1 до 32GB Essential-2 В остальных случаях Standard-0
A8: Bandwidth (ГБ / месяц) | B8: 200 | C8: Выходящий трафик в ГБ/мес. Можно прикинуть: посетители в месяц * страниц на сайте * средний вес страницы (в среднем 2/3МБ) / 1024 | D8: Длительность динамич. запроса (сек) | E8: 0.25 | F8: В среднем 0,1/0,4 сек | G8: Heroku WAF (мес) | H8: =IF($E$11="Y",Heroku_Rates!$D$20*$E$4,0) -> 0 | I8: DDoS mitigation на Heroku есть в комалекте WAF считаем как add-on (пример: Expedited WAF)
A9: Опции (влияют на Vercel подписку и стоимость нашего PaaS) | D9: Безопасность (опции)
A10: Vercel, кол-во пользователей | B10: 2 | C10: Если в Vercel у вас несколько разработчиков - укажите число. Если не уверены - оставьте 1 | D10: Добавить Anti-DDoS (Y/N) | E10: N | F10: В Vercel DDoS mitigation базово есть. YC/наш вариант: добавляем AntiDDoS (подписка). | G10: Vercel overage: bandwidth | H10: =MAX(0,$B$8-1024)*Vercel_Rates!$E$3 -> 0
A11: Фикс. плата нашего PaaS ($ в мес) | B11: 20 | C11: Фиксированная плата за платформу (пример) Это заполняем мы, а не клиент | D11: Добавить WAF (Y/N) | E11: N | F11: YC: WAF покупается только вместе с AntiDDoS. В Vercel WAF/Firewall есть, но часть фич платные | G11: Vercel overage: edge req | H11: =MAX(0,$B$16-10000000)/1000000*Vercel_Rates!$E$4 -> 0
A12: Наценка на инфраструктуру YC (опционально) | B12: 0.1 | C12: Наценка на стоимость ресурсов YC (например 0.10 = 10%) Это заполняем мы, а не клиент | D12: Уровень защиты YC (пока Start) | E12: Start | F12: Упрощение: используем Start. Можно расширить до Pro/Business позже | G12: Vercel overage: invocations | H12: =MAX(0,$B$15-1000000)/1000000*Vercel_Rates!$E$5 -> 0
G13: Vercel overage: cpu hours | H13: =MAX(0,$B$17-4)*Vercel_Rates!$E$6 -> 0
A14: Производные метрики (расчёт) | D14: Примечание: | E14: =IF(AND($E$11="Y",$E$10="N"),"YC: WAF требует AntiDDoS → AntiDDoS будет учтён автоматически","") | G14: Vercel overage: memory GB-hours | H14: =MAX(0,$B$18-360)*Vercel_Rates!$E$7 -> 0
A15: Динамические вызовы (запросы в месяц) | B15: =B7*$E$5 -> 350000
A16: Edge-запросы (запросы в месяц) | B16: =B7*$E$6 -> 100000
A17: Vercel: Active CPU hours | B17: =B15*($E$7/1000)/3600 -> 3.4027778
A18: Vercel: Memory GB-hours (≈ RAM × duration) | B18: =B15*($E$8/3600)*B5 -> 24.305556
A20: Результаты (USD / месяц)
A21: Сервис | B21: Base ($) | C21: Overage ($) | D21: Yandex Cloud infra ($) | E21: Наша плата/наценка ($) | F21: Итого ($)
A22: Vercel | B22: =IF($H$4="Free",0,$B$10*Vercel_Rates!$E$2) + IF($E$11="Y",Vercel_Rates!$D$12,0) -> 40 | C22: =SUM($L$6:$L$10) -> 0 | D22: 0 | E22: 0 | F22: =SUM(B22:E22) -> 40
A23: Heroku | B23: =($H$6*VLOOKUP($H$5,Heroku_Rates!$B$2:$C$7,2,FALSE)) + IF($H$7="",0,VLOOKUP($H$7,Heroku_Rates!$B$8:$C$13,2,FALSE)) + $H$8 -> 59 | C23: 0 | D23: 0 | E23: 0 | F23: =SUM(B23:E23) -> 59
A24: Наш PaaS (YC + слой) | B24: 0 | C24: 0 | D24: =D25 -> 12.5433 | E24: =$B$11 + $B$12*D25 -> 21.25433 | F24: =D24+E24 -> 33.79763
A25: Yandex Cloud | B25: 0 | C25: 0 | D25: =(($E$4*($B$4*YC_Rates!$D$2 + $B$5*YC_Rates!$D$3)) + ($B$6*YC_Rates!$D$6) + ($B$8*YC_Rates!$D$10)) + IF(OR($E$10="Y",AND($E$11="Y",$E$10="N")),YC_Rates!$D$12,0) + IF($E$11="Y",YC_Rates!$D$13,0) -> 12.5433 | E25: 0 | F25: =SUM(B25:E25) -> 12.5433
A26: Что выгоднее?
A27: Минимальная стоимость (Vercel/Heroku/YC) | B27: =MIN($F$22,$F$23,$F$24) -> 33.79763
A28: Победитель | B28: =IF($B$27=$F$22,"Vercel",IF($B$27=$F$23,"Heroku","Our PaaS")) -> Our PaaS
A29: Экономия vs 2-е место ($/мес) | B29: =SMALL($F$22:$F$24,2)-$B$27 -> 6.20237
A30: Экономия vs 2-е место (%) | B30: =IF(SMALL($F$22:$F$24,2)=0,0,$B$29/SMALL($F$22:$F$24,2)) -> 0.15505925

Sheet YC_Rates
A1: Category | B1: Metric | C1: Unit | D1: Price (USD) | E1: Notes | F1: Source (pricing page)
A2: Compute Cloud | B2: vCPU-hour (100% guaranteed) | C2: USD per vCPU-hour | D2: 0.00945 | E2: Example unit price (standard-v3). | F2: https://yandex.cloud/en/docs/compute/pricing
A3: Compute Cloud | B3: RAM GB-hour | C3: USD per GB-hour | D3: 0.00252 | E3: Example unit price (standard-v3). | F3: https://yandex.cloud/en/docs/compute/pricing
A4: VPC | B4: Public IP address | C4: USD per IP-hour | D4: 0.00216 | E4: Public IPv4 address hourly. | F4: https://yandex.cloud/en/docs/vpc/pricing
A5: Disks | B5: Network HDD | C5: USD per GB-month | D5: 0.0288 | E5: Used by managed DB examples. | F5: https://yandex.cloud/en/docs/managed-postgresql/pricing
A6: Disks | B6: Network SSD | C6: USD per GB-month | D6: 0.11709 | E6: Used by managed DB examples. | F6: https://yandex.cloud/en/docs/managed-valkey/pricing
A7: Managed PostgreSQL | B7: vCPU-hour | C7: USD per vCPU-hour | D7: 0.01467 | E7: Example unit price (Intel Ice Lake). | F7: https://yandex.cloud/en/docs/managed-postgresql/pricing
A8: Managed PostgreSQL | B8: RAM GB-hour | C8: USD per GB-hour | D8: 0.00396 | E8: Example unit price. | F8: https://yandex.cloud/en/docs/managed-postgresql/pricing
A9: Object Storage | B9: Standard storage | C9: USD per GB-month | D9: 0.01809 | E9: Example standard storage. | F9: https://yandex.cloud/en/docs/storage/pricing
A10: Traffic | B10: Object Storage outgoing (tier ~100GB..1TB) | C10: USD per GB | D10: 0.01377 | E10: Example tiered egress price. | F10: https://yandex.cloud/en/docs/storage/pricing
A11: CDN | B11: Outgoing traffic from CDN | C11: USD per GB | D11: 0.007692 | E11: Charged for CDN egress to Internet. | F11: https://yandex.cloud/en/services/cdn
A12: Smart Web Security | B12: AntiDDoS (подписка Start) | C12: USD/мес | D12: 416.67 | E12: Подписка. Упрощение: берём Start. WAF можно купить только вместе с AntiDDoS. | F12: https://yandex.cloud/en/docs/smartwebsecurity/pricing
A13: Smart Web Security | B13: WAF (подписка Start) | C13: USD/мес | D13: 333.33 | E13: Подписка. Упрощение: берём Start. В реальности уровни Start/Pro/Business отличаются. | F13: https://yandex.cloud/en/docs/smartwebsecurity/pricing

Sheet YC_Compute_Grid
A1: vCPU | B1: vCPU-hours/month | C1: vCPU cost/month (USD) | D1: RAM (GB) | E1: RAM GB-hours/month | F1: RAM cost/month (USD) | G1: Hours/month input
A2: 1 | B2: =$H$2*A2 -> 720 | C2: =B2*YC_Rates!$D$2 -> 6.804 | D2: 1 | E2: =$H$2*D2 -> 720 | F2: =E2*YC_Rates!$D$3 -> 1.8144 | G2: Edit hours/month: | H2: 720
A3: 2 | B3: =$H$2*A3 -> 1440 | C3: =B3*YC_Rates!$D$2 -> 13.608 | D3: 2 | E3: =$H$2*D3 -> 1440 | F3: =E3*YC_Rates!$D$3 -> 3.6288
A4: 3 | B4: =$H$2*A4 -> 2160 | C4: =B4*YC_Rates!$D$2 -> 20.412 | D4: 3 | E4: =$H$2*D4 -> 2160 | F4: =E4*YC_Rates!$D$3 -> 5.4432
A5: 4 | B5: =$H$2*A5 -> 2880 | C5: =B5*YC_Rates!$D$2 -> 27.216 | D5: 4 | E5: =$H$2*D5 -> 2880 | F5: =E5*YC_Rates!$D$3 -> 7.2576
A6: 5 | B6: =$H$2*A6 -> 3600 | C6: =B6*YC_Rates!$D$2 -> 34.02 | D6: 5 | E6: =$H$2*D6 -> 3600 | F6: =E6*YC_Rates!$D$3 -> 9.072
A7: 6 | B7: =$H$2*A7 -> 4320 | C7: =B7*YC_Rates!$D$2 -> 40.824 | D7: 6 | E7: =$H$2*D7 -> 4320 | F7: =E7*YC_Rates!$D$3 -> 10.8864
A8: 7 | B8: =$H$2*A8 -> 5040 | C8: =B8*YC_Rates!$D$2 -> 47.628 | D8: 7 | E8: =$H$2*D8 -> 5040 | F8: =E8*YC_Rates!$D$3 -> 12.7008
A9: 8 | B9: =$H$2*A9 -> 5760 | C9: =B9*YC_Rates!$D$2 -> 54.432 | D9: 8 | E9: =$H$2*D9 -> 5760 | F9: =E9*YC_Rates!$D$3 -> 14.5152
A10: 9 | B10: =$H$2*A10 -> 6480 | C10: =B10*YC_Rates!$D$2 -> 61.236 | D10: 9 | E10: =$H$2*D10 -> 6480 | F10: =E10*YC_Rates!$D$3 -> 16.3296
A11: 10 | B11: =$H$2*A11 -> 7200 | C11: =B11*YC_Rates!$D$2 -> 68.04 | D11: 10 | E11: =$H$2*D11 -> 7200 | F11: =E11*YC_Rates!$D$3 -> 18.144
A12: 11 | B12: =$H$2*A12 -> 7920 | C12: =B12*YC_Rates!$D$2 -> 74.844 | D12: 11 | E12: =$H$2*D12 -> 7920 | F12: =E12*YC_Rates!$D$3 -> 19.9584
A13: 12 | B13: =$H$2*A13 -> 8640 | C13: =B13*YC_Rates!$D$2 -> 81.648 | D13: 12 | E13: =$H$2*D13 -> 8640 | F13: =E13*YC_Rates!$D$3 -> 21.7728
A14: 13 | B14: =$H$2*A14 -> 9360 | C14: =B14*YC_Rates!$D$2 -> 88.452 | D14: 13 | E14: =$H$2*D14 -> 9360 | F14: =E14*YC_Rates!$D$3 -> 23.5872
... A33: 32 | B33: =$H$2*A33 -> 23040 | C33: =B33*YC_Rates!$D$2 -> 217.728 | D33: 32 | E33: =$H$2*D33 -> 23040 | F33: =E33*YC_Rates!$D$3 -> 58.0608
D34: 33 | E34: =$H$2*D34 -> 23760 | F34: =E34*YC_Rates!$D$3 -> 59.8752
D35: 34 | E35: =$H$2*D35 -> 24480 | F35: =E35*YC_Rates!$D$3 -> 61.6896
D36: 35 | E36: =$H$2*D36 -> 25200 | F36: =E36*YC_Rates!$D$3 -> 63.504
D37: 36 | E37: =$H$2*D37 -> 25920 | F37: =E37*YC_Rates!$D$3 -> 65.3184
D38: 37 | E38: =$H$2*D38 -> 26640 | F38: =E38*YC_Rates!$D$3 -> 67.1328
D39: 38 | E39: =$H$2*D39 -> 27360 | F39: =E39*YC_Rates!$D$3 -> 68.9472
D40: 39 | E40: =$H$2*D40 -> 28080 | F40: =E40*YC_Rates!$D$3 -> 70.7616
D41: 40 | E41: =$H$2*D41 -> 28800 | F41: =E41*YC_Rates!$D$3 -> 72.576
D42: 41 | E42: =$H$2*D42 -> 29520 | F42: =E42*YC_Rates!$D$3 -> 74.3904
D43: 42 | E43: =$H$2*D43 -> 30240 | F43: =E43*YC_Rates!$D$3 -> 76.2048
D44: 43 | E44: =$H$2*D44 -> 30960 | F44: =E44*YC_Rates!$D$3 -> 78.0192
D45: 44 | E45: =$H$2*D45 -> 31680 | F45: =E45*YC_Rates!$D$3 -> 79.8336
... D65: 64 | E65: =$H$2*D65 -> 46080 | F65: =E65*YC_Rates!$D$3 -> 116.1216

Sheet Vercel_Rates
A1: Category | B1: Metric | C1: Unit | D1: Included (Pro) | E1: Overage price (USD) | F1: Notes | G1: Source (pricing page)
A2: Plan | B2: Paid seat | C2: USD per seat-month | D2: - | E2: 20 | F2: Per paid seat on Pro team. | G2: https://vercel.com/pricing
A3: Delivery | B3: Fast Data Transfer | C3: USD per GB | D3: 1024 GB | E3: 0.15 | F3: Overage per GB after included. | G3: https://vercel.com/pricing
A4: Requests | B4: Edge Requests | C4: USD per 1M requests | D4: 10,000,000 | E4: 2 | F4: Overage per 1M after included. | G4: https://vercel.com/pricing
A5: Functions | B5: Invocations | C5: USD per 1M invocations | D5: 1,000,000 | E5: 0.6 | F5: Overage per 1M after included. | G5: https://vercel.com/pricing
A6: Functions | B6: Active CPU | C6: USD per CPU-hour | D6: 4 | E6: 0.128 | F6: Overage per CPU-hour after included. | G6: https://vercel.com/pricing
A7: Functions | B7: Provisioned Memory | C7: USD per GB-hour | D7: 360 | E7: 0.0106 | F7: Overage per GB-hour after included. | G7: https://vercel.com/pricing
A8: Plan | B8: Included usage credit | C8: USD per month | D8: 20 | E8: 20 | F8: Pro includes $20 credit to offset usage. | G8: https://vercel.com/pricing
A12: Security | B12: WAF / Firewall (опц. платные фичи) | C12: USD/мес | D12: 0 | E12: Базовые Firewall/DDoS бесплатны; часть фич WAF может быть платной (например, rate limiting/managed rulesets). Оставьте 0 или задайте оценку. | F12: https://vercel.com/docs/vercel-firewall/vercel-waf/usage-and-pricing

Sheet Heroku_Rates
A1: Section | B1: Plan | C1: Price / Month (USD) | D1: RAM | E1: Disk | F1: Notes | G1: Source (pricing page)
A2: Dyno | B2: Eco | C2: 5 | D2: 0.5 GB | F2: Sleeps on inactivity. | G2: https://www.heroku.com/pricing/
A3: Dyno | B3: Basic | C3: 7 | D3: 0.5 GB | F3: Always on. | G3: https://www.heroku.com/pricing/
A4: Dyno | B4: Standard-1X | C4: 25 | D4: 0.5 GB | G4: https://www.heroku.com/pricing/
A5: Dyno | B5: Standard-2X | C5: 50 | D5: 1 GB | G5: https://www.heroku.com/pricing/
A6: Dyno | B6: Performance-M | C6: 250 | D6: 2.5 GB | G6: https://www.heroku.com/pricing/
A7: Dyno | B7: Performance-L | C7: 500 | D7: 14 GB | G7: https://www.heroku.com/pricing/
A8: Postgres | B8: Essential-0 | C8: 5 | E8: 1 GB | G8: https://www.heroku.com/pricing/
A9: Postgres | B9: Essential-1 | C9: 9 | E9: 10 GB | G9: https://www.heroku.com/pricing/
A10: Postgres | B10: Essential-2 | C10: 20 | E10: 32 GB | G10: https://www.heroku.com/pricing/
A11: Postgres | B11: Standard-0 | C11: 50 | D11: 4 GB | E11: 64 GB | G11: https://www.heroku.com/pricing/
A12: Postgres | B12: Standard-2 | C12: 200 | D12: 8 GB | E12: 256 GB | G12: https://www.heroku.com/pricing/
A13: Postgres | B13: Standard-3 | C13: 400 | D13: 15 GB | E13: 512 GB | G13: https://www.heroku.com/pricing/
A14: Redis | B14: Mini | C14: 3 | D14: 25 MB | G14: https://www.heroku.com/pricing/
A15: Redis | B15: Premium 0 | C15: 15 | D15: 50 MB | G15: https://www.heroku.com/pricing/
A16: Redis | B16: Premium 1 | C16: 30 | D16: 100 MB | G16: https://www.heroku.com/pricing/
A17: Redis | B17: Premium 2 | C17: 60 | D17: 250 MB | G17: https://www.heroku.com/pricing/
A18: Redis | B18: Premium 3 | C18: 120 | D18: 500 MB | G18: https://www.heroku.com/pricing/
A19: Redis | B19: Premium 5 | C19: 200 | D19: 1 GB | G19: https://www.heroku.com/pricing/
A20: Security | B20: WAF add-on (Expedited WAF) — ставка | C20: USD/час | D20: 0.132 | E20: По странице add-on: starting at ~$0.132/hour. Можно заменить на ваш выбранный план. | F20: https://elements.heroku.com/addons/expeditedwaf

Sheet Project_Templates
A1: Template | B1: Description | C1: Requests/mo | D1: Bandwidth GB/mo | E1: Dynamic share (0..1) | F1: Edge share (0..1) | G1: Avg Active CPU ms per dyn req | H1: Avg Duration sec per dyn req | I1: Fn Memory GB | J1: YC App vCPU | K1: YC App RAM GB | L1: YC App Disk Type | M1: YC App Disk GB | N1: YC DB Hosts | O1: YC DB vCPU/host | P1: YC DB RAM/host | Q1: YC DB Disk Type | R1: YC DB Disk GB/host | S1: Public IPs | T1: Use CDN (Y/N)
A2: Starter MVP | B2: Mostly static + small API/SSR | C2: 100000 | D2: 50 | E2: 0.15 | F2: 0.05 | G2: 20 | H2: 0.15 | I2: 0.5 | J2: 1 | K2: 1 | L2: network-hdd | M2: 20 | N2: 1 | O2: 2 | P2: 4 | Q2: network-hdd | R2: 20 | S2: 1 | T2: Y
A3: Growing SaaS | B3: Dashboard + API + background jobs | C3: 1000000 | D3: 200 | E3: 0.35 | F3: 0.1 | G3: 35 | H3: 0.25 | I3: 0.75 | J3: 2 | K3: 4 | L3: network-ssd | M3: 50 | N3: 2 | O3: 2 | P3: 8 | Q3: network-ssd | R3: 50 | S3: 1 | T3: Y
A4: High traffic API | B4: API + realtime + heavy dynamic load | C4: 10000000 | D4: 1000 | E4: 0.7 | F4: 0.15 | G4: 50 | H4: 0.35 | I4: 1 | J4: 4 | K4: 8 | L4: network-ssd | M4: 100 | N4: 3 | O4: 4 | P4: 16 | Q4: network-ssd | R4: 100 | S4: 2 | T4: Y

Sheet Sources
A1: Provider | B1: Pricing page URL
A2: Vercel | B2: https://vercel.com/pricing
A3: Heroku | B3: https://www.heroku.com/pricing/
A4: Yandex Cloud | B4: https://yandex.cloud/en/docs/compute/pricing
A5: Yandex Cloud | B5: https://yandex.cloud/en/docs/managed-postgresql/pricing
A6: Yandex Cloud | B6: https://yandex.cloud/en/docs/storage/pricing
A7: Yandex Cloud | B7: https://yandex.cloud/en/docs/vpc/pricing
A8: Yandex Cloud | B8: https://yandex.cloud/en/services/cdn
